ID,PARENT_ID,EMAIL,CARD,PHONE,TMP
1,null,gomamgot@evilis.tm,card,(809) 699-7062,tmp
2,null,wiziw@juzadhu.ax,card,(701) 215-1596,tmp
3,null,haep@akpacer.sb,card,(942) 942-2530,tmp
4,null,segsima@nepnabge.pn,card,(360) 554-3724,tmp
5,null,haep@akpacer.sb,card,(283) 564-6382,tmp
6,null,pi@jefa.sh,card,(869) 413-2477,tmp
7,null,haep@akpacer.sb,card,(437) 964-5668,tmp
8,null,upe@punako.nr,card,(661) 238-6995,tmp
9,null,survu@jogbotu.sv,card,(332) 458-6797,tmp
10,null,survu@jogbotu.sv,card,(302) 946-1199,tmp